Sheba Fine Flakes in Jelly – Poultry Collection – Wet cat food pouches for adult cats – (40 x 85 g), £12.59, 4.7 out of 5 stars, False
Whiskas Wet cat food pouches%2C delicious and tasty mixed selection in jelly%2C suitable for senior cats aged 7+%2C megapack (84 x 100 g), £23.46, 4.7 out of 5 stars, False
IAMS Delights Wet Food Land for Adult Cats%2C 48 x 85g, £13.30, 4.4 out of 5 stars, False
Felix As Good As It Looks 7+ Mixed Cat Food%2C 40 Count (Pack of 1), £12.59, 4.7 out of 5 stars, False
Purr & Miaow - Salmon & Herring Complete Dry Adult Cat Food%2C 1.5kg (Grain Free), , 4.3 out of 5 stars, False
Purina ONE Adult Cat Food Mini Fillets in Gravy 40 x 85g%2C Packaging may vary, , 4.7 out of 5 stars, False
Go-Cat Adult Dry Cat Food Chicken and Duck 10kg, £17.81, None, False
Felix As Good As It Looks Ocean Feasts Cat Food 40x100g, , 4.5 out of 5 stars, False
Sheba Select Slices in Gravy – Poultry Selection – Wet cat food pouches for adult cats – megapack (72 x 85 g), £27.00, 4.6 out of 5 stars, False
Morrisons Adult Cat Fine Cuts in Jelly Ocean's Catch Pouches%2C 12 x 100g, , 4.4 out of 5 stars, False
Purina ONE Adult Dry Cat Food Chicken and Wholegrains 6kg, £25.65, None, False
Whiskas 1+ Complete Dry Cat Food for Adult Cats%2C with Chicken%2C suitable for adult cats aged 1+%2C (1 x 7 kg), £12.95, None, False
Gourmet Perle Ocean Delicacies in Gravy%2C 96 Pouches%2C 96 x 85 g, £34.67, 4.7 out of 5 stars, False
Encore 100% Natural Wet Cat Food%2C Multipack Chicken and Fish Selection in Broth 70 g Tins (Total of 48 Tins), £37.52, 4.6 out of 5 stars, False
Purina ONE Coat and Hairball Dry Cat Food Chicken 3kg, £12.83, 4.7 out of 5 stars, False
Applaws 100% Natural Wet Cat Food in Broth for Adult Cats%2C Chicken and Tuna Mixed Selection (Pack of 12 x 70g Tins), £9.44 , 4.6 out of 5 stars, False
Amazon Brand - Lifelong Complete Dry Cat Food%2C Chicken & Rice%2C 3kg, £14.54, 4.6 out of 5 stars, False
Amazon Brand - Lifelong Cat Food - Paté with Salmon%2C 16 x 100g, £5.83 , None, False
Amazon Brand - Solimo Complete Dry Cat Food%2C Salmon%2C Tuna%2C and Vegetables%2C 1 pack of 3kg, £9.49 , 4.4 out of 5 stars, False
Amazon Brand - Lifelong - Grain Free Recipe Complete Dry Cat Food. Made with Fresh Chicken -1.5 kg, £10.92, 4.4 out of 5 stars, False
IAMS for Vitality dry cat food with chicken - dry food for cats aged 1-6 years%2C 3kg, £9.97 , 4.7 out of 5 stars, False
Amazon Brand - Lifelong Complete Food for Adult Cats Meat In Gravy Selection%2C 4.8 kg (48 pouches x 100g), £13.13, None, False
Whiskas Senior 7+ Complete Dry Cat Food%2C with Chicken%2C suitable for senior cats aged 7+%2C Pack of 4 (4 x 1.9 kg), £17.64, None, False
Morrisons Meat & Poultry Senior Cat Food in Jelly%2C 12 x 100g, , 4.3 out of 5 stars, False
Iams Delights Wet Meat and Fish in Jelly for Cats%2C 12 x 85 g (Packaging may vary), £4.46 , 4.4 out of 5 stars, False
IAMS Delights Wet Food Land & Sea Collection for Adult Cats with Meat and Fish in Jelly%2C 48 x 85g, £15.67, 4.5 out of 5 stars, False
Harringtons Complete Dry Cat Food with Freshly Prepared Chicken 4x2kg, £19.95, 4.7 out of 5 stars, False
Applaws 100% Natural Wet Cat Food 70g Tuna Fillet 24 x 70g Tins, £19.79, 4.6 out of 5 stars, False
Applaws Natural Wet Cat Food%2C Multipack Fish Selection in Broth 70 g Tin (Pack of 12), £9.44 , 4.5 out of 5 stars, False
IAMS Delights Wet Food Sea Collection for Adult Cats with Fish in Jelly%2C 12 x 85 g, £4.74 , 4.4 out of 5 stars, False
Perfect Fit Wet Cat Food Pouches - Advanced nutrition for adult cats 1+%2C mixed selection in sauce%2C Pack of 4 (4 x 12 Pouches x 85 g), £15.29, 4.4 out of 5 stars, False
Applaws Complete and Grain Free Dry Adult Cat Food%2C Chicken with Salmon%2C 2kg (Pack of 1), £12.14, 4.5 out of 5 stars, False
Applaws 100% Natural Wet Cat Food with Premium Tasty Tuna Fillet and Pacific Prawn (Pack of 12 x 70g Tins), £10.61, 4.5 out of 5 stars, False
Harringtons Grain Free Meat Selection in Gravy Wet Cat Food 72x85g%2C Beef%2C Chicken%2C Lamb & Turkey, £24.23, None, False
Encore 100% Natural Wet Cat Food Pot%2C Succulent Tuna with Pacific Crab in Broth 60 g Pot (Pack of 10), £9.90 , 4.6 out of 5 stars, False
Arden Grange Adult Dry Cat Food%2C Fresh Chicken & Potato%2C 4kg, £19.94, 4.5 out of 5 stars, False
IAMS for Vitality Hairball Reduction Dry Cat Food with Fresh Chicken for Adult and Senior Cats%2C 3 kg(Packaging May Vary), £13.29, 4.7 out of 5 stars, False
Felix As Good As It Looks Cat Food Meat And Fish 120x100g, , 4.7 out of 5 stars, False
Felix As Good As It Looks 7+ Mixed Cat Food%2C 40 Count (Pack of 1), £12.59, 4.7 out of 5 stars, False
IAMS Delights Wet Senior Cat Food Pouch Multipack Land & Sea Collection in Gravy%2C Wet Food for Older Cats from 7 Years%2C 12 x 85 g, , 4.4 out of 5 stars, False
Felix Original 7+ Variety in Jelly Cat Food%2C 40x100g, , 4.7 out of 5 stars, False
Go-Cat Adult Tuna%2C Herring & Veg Dry Cat Food 10kg, £19.00, None, False
Whiskas Wet cat food pouches%2C delicious and tasty poultry selection in jelly%2C suitable for adult cats aged 1+%2C (40 x 100 g), , 4.7 out of 5 stars, False
PRO PLAN VETERINARY DIETS HA Hypoallergenic Dry Cat Food 1.3kg, £13.86, 4.6 out of 5 stars, False
Meowing Heads Dry Cat Food - Paw Lickin' Chicken - 100 Percent Natural Chicken and Fish with No Artificial Flavours%2C Good for Healthy Digestion%2C 4 kg, £30.77, 4.6 out of 5 stars, False
IAMS for Vitality Senior dry cat food with chicken - dry food for senior cats from 7 years of age%2C 3kg, £16.10, 4.7 out of 5 stars, False
ROYAL CANIN Cat Gastro Intestinal Moderate Calorie Cat Food%2C 12 x 100 g, £18.75, 4.4 out of 5 stars, False
Royal Canin Satiety Weight Management VHN Cat Food 1.5kg, , 4.6 out of 5 stars, False
Morrisons Fine Cuts in Jelly Meaty Feast Adult%2C 1200 g, , 4.4 out of 5 stars, False
Felix As Good As It Looks Ocean Feasts Cat Food 40x100g, , 4.5 out of 5 stars, False
Morrisons Complete Chicken & Veg Dry Cat Food%2C 2kg, , None, False
James Wellbeloved Complete Hypoallergenic Adult Dry Cat Food Made With 100% Natural Ingredients and One Source of Animal Protein (Fish)%2C 4 kg, £26.28, None, False
PRO PLAN Original Adult Dry Cat Food Chicken 3kg, £21.06, 4.7 out of 5 stars, False
Applaws Wet Cat Food%2C Tuna Fillet with Seabream in Broth Pouch%2C 12 x 70g, £10.61, 4.7 out of 5 stars, False
Morrisons Meat Selection in Gravy%2C 1200 g, , 4.3 out of 5 stars, False
Purina Gourmet Perle Wet Cat Food Mini Fillets in Gravy Mini Fillets%2C 85 g x 26, , 4.4 out of 5 stars, False
Applaws 100% Natural Wet Cat Food%2C Chicken Selection in Broth Pouch%2C 12 x 70 g Pouches, £10.34, 4.6 out of 5 stars, False
GOURMET REVELATIONS Mousse Tuna 6(4x57g), , None, False
Amazon Brand - Lifelong grainfree wet food for adult cats - Chicken%2Cduck %2Cturkey and beef in jelly Selection%2C 4.76 kg (56 pouches x 85g), £16.91, None, False
Go-Cat Adult Dry Cat Food Chicken and Duck 10kg, £17.81, None, True
Felix As Good As It Looks 7+ Mixed Cat Food%2C 40 Count (Pack of 1), £12.59, 4.7 out of 5 stars, True
Felix As Good As It Looks Cat Food Meat And Fish 120x100g, , 4.7 out of 5 stars, True
Purr & Miaow - Salmon & Herring Complete Dry Adult Cat Food%2C 1.5kg (Grain Free), , 4.3 out of 5 stars, True
Purina ONE Adult Cat Food Mini Fillets in Gravy 40 x 85g%2C Packaging may vary, , 4.7 out of 5 stars, True
Felix As Good As It Looks Ocean Feasts Cat Food 40x100g, , 4.5 out of 5 stars, True
Prochoice - 85g Wet Cat Food With Lamb & Liver in Jelly For Adult Cats - 1 Pack(24pcs), , None, True
Gourmet Perle Ocean Delicacies in Gravy%2C 96 Pouches%2C 96 x 85 g, £34.67, 4.7 out of 5 stars, True
85g Wet Cat Food With Chicken & Liver in Jelly For Kittens - 1 Pack(24pcs, £16.00, None, True
Dry Cat Food Biscuits Cat Food Dry 2kg /800g NatureBridge Skincare & Shiny coat & Strong Physique%2CComplete Food%2C Chicken%2C All Life Stages (800g), , None, True
